{"nativePlugins":[{"plugins":[{"type":"module","name":"naxclow-permission","class":"com.naxclow.uniplugin.NaxclowPermissionModule"}],"version":"1.0.0"},{"plugins":[{"type":"module","name":"naxclow-wifi","class":"com.naxclow.uniplugin.NaxclowWifiModule"}],"version":"1.0.0"},{"plugins":[{"type":"module","name":"naxclow-sdk","class":"com.naxclow.uniplugin.NaxclowSdkModule"}],"version":"1.0.0","hooksClass":"com.naxclow.uniplugin.NaxclowSdkAppProxy"},{"plugins":[{"type":"component","name":"naxclow-circlespread","class":"com.naxclow.uniplugin.NaxclowCircleSpread"}],"version":"1.0.0"},{"plugins":[{"type":"module","name":"naxclow-share","class":"com.naxclow.share.NaxclowShareModule"}],"version":"1.0.0"},{"plugins":[{"type":"component","name":"naxclow-spinkit","class":"com.naxclow.uniplugin.NaxclowSpinKit"}],"version":"1.0.0"},{"plugins":[{"type":"module","name":"naxclow-media-audio","class":"com.naxclow.uniplugin.NaxclowAudioModule"},{"type":"component","name":"naxclow-media-video","class":"com.naxclow.uniplugin.NaxclowVideoComponent"},{"type":"component","name":"naxclow-media","class":"com.naxclow.uniplugin.NaxclowMediaComponent"},{"type":"module","name":"naxclow-media-recorder","class":"com.naxclow.uniplugin.NaxclowMediaRecordModule"}],"version":"1.0.8"}]}